{
  "Home": "Heim",
  "Liquidity": "Liquidität",
  "Swap": "Tausch",
  "Stake": "Einsatz",
  "Portfolio": "Portfolio",
  "Connect Wallet": "Wallet verbinden",
  "Disconnect": "Trennen",
  "Welcome to TiFi Bank!": "Willkommen bei der TiFi Bank!",
  "The First Decentralized Exchange for Allverse": "Die erste dezentrale Börse für Allverse",
  "Exchange Cryptos with other Cryptos": "Kryptos mit anderen Kryptos tauschen",
  "GO TO SWAP": "ZUM AUSTAUSCH GEHEN",
  "Enjoy Earning by Providing Liquidity": "Genieße es, Geld zu verdienen, indem du Liquidität bereitstellst",
  "GO TO LIQUIDITY": "GEHEN SIE ZUR LIQUIDITÄT",
  "Provide Observerbility of Pool Portfolio": "Beobachtbarkeit des Pool Portfolios bereitstellen",
  "GO TO PORTFOLIO": "ZUM PORTFOLIO GEHEN",
  "We appeciate for any feedbacks, please submit your feedbacks": "Wir freuen uns über jedes Feedback, bitte senden Sie uns Ihr Feedback",
  "here": "hier",
  ", and you will have a chance to get TIFI airdrop!": ", und Sie haben die Chance, TIFI Airdrop zu bekommen!",
  "Haven’t got a crypto wallet yet?": "Haben Sie noch keine Krypto-Wallet?",
  "Learn How to Connect": "Erfahren Sie, wie Sie eine Verbindung herstellen",
  "More": "Mehr",
  "Price Chart": "Preisdiagramm",
  "The market price chart from public exchanges. It shows the historical prices and the latest price in the chart may not be the same as the price show on the right panel of the page.": "Das Marktpreisdiagramm von öffentlichen Börsen. Es zeigt die historischen Preise und der letzte Preis im Diagramm ist möglicherweise nicht derselbe wie der im rechten Bereich der Seite angezeigte Preis.",
  "24H": "24H",
  "7D": "7D",
  "14D": "14D",
  "30D": "30D",
  "1Y": "1Y",
  "Term of Use": "Nutzungsbedinungen",
  "Privacy Policy": "Datenschutz-Bestimmungen",
  "Cookies Policy": "Cookie-Richtlinie",
  "Disclaimer": "Haftungsausschluss",
  "FAQ": "Häufig gestellte Fragen",
  "Contact Us": "Kontaktiere uns",
  "All rights reserved.": "Alle Rechte vorbehalten.",
  "Balance": "Balance",
  "The number is invalid, maybe too big?": "Die Nummer ist ungültig, vielleicht zu groß?",
  "You are not on the BSC main net. Please switch to the main net.": "Sie befinden sich nicht im BSC-Hauptnetz. Bitte wechseln Sie ins Hauptnetz.",
  "You have selected the same tokens, please select a different token.": "Sie haben dieselben Token ausgewählt, bitte wählen Sie einen anderen Token aus.",
  "The pair doesn't exist, please select another pair.": "Das Paar existiert nicht, bitte wählen Sie ein anderes Paar aus.",
  "Not enough balance for the transaction.": "Nicht genug Guthaben für die Transaktion.",
  "Transaction rejected by user.": "Transaktion vom Benutzer abgelehnt.",
  "Transaction Submitted!": "Transaktion übermittelt!",
  "Check Transaction on BSCScan": "Transaktion auf BSCScan prüfen",
  "Swap Success!": "Erfolgreicher Austausch!",
  "Approved, now you can swap!": "Genehmigt, jetzt können Sie tauschen!",
  "Approval Request submitted. Please hold on.": "Genehmigungsanfrage gesendet. Bitte warten Sie.",
  "successful added": "erfolgreich hinzugefügt",
  "added failed": "Hinzufügen fehlgeschlagen",
  "Cannot find address of": "Kann keine Adresse finden von",
  ", have you connected MetaMask?": ", hast du MetaMask verbunden?",
  "copied": "kopiert",
  "Price": "Preis",
  "per": "pro",
  "Price Impact Too High": "Preiswirkung zu hoch",
  "Insufficient Liquidity for This Trade": "Insufficient Liquidity for This Trade",
  "Insufficient Balance": "Mangelhaftes Gleichgewicht",
  "Swap Fee": "Wechselgebühr",
  "Swap Fee is 0.2%, where:": "Wechselgebühr beträgt 0,2 %, wobei:",
  "0.18% is paid to LP Providers": "0,18 % werden an LP-Anbieter gezahlt",
  "0.02% to the TiFi treasury": "0,02 % in die TiFi-Schatzkammer",
  "Price Impact": "Preisauswirkung",
  "The difference between the market price and estimated price due to trade size.": "Die Differenz zwischen dem Marktpreis und dem geschätzten Preis aufgrund der Handelsgröße.",
  "Route": "Route",
  "Routing through these tokens resulted in the best price for your trade.": "Das Routing durch diese Token führte zum besten Preis für Ihren Handel.",
  "TIFI Sell Fee": "TIFI-Verkaufsgebühr",
  "There is 2% of fee when selling TIFI, check ": "Es gibt 2% Gebühr beim Verkauf von TIFI, überprüfen",
  "TiFi Token Whitepaper": "TiFi Token Whitepaper",
  " for more details.": " for more details.",
  "TIFI Buy Fee": "TIFI Kaufgebühr",
  "There is 1% of fee when buying TIFI, check ": "Beim Kauf von TIFI fällt eine Gebühr von 1% an, überprüfen Sie ",
  "Swap from": "Tausch von",
  "Swap to": "Wechseln zu",
  "Select the first token": "Wählen Sie den ersten Token aus",
  "Select the second token": "Wählen Sie das zweite Token aus",
  "Only tokens that paired with ": "Nur Token, die mit gepaart sind",
  " are listed": "aufgelistet",
  "The following tokens are listed in TiFi Bank": "Die folgenden Token sind in der TiFi Bank gelistet",
  "Stay Tuned!": "Bleib dran!",
  "TiFi Bank Portfolio Page will be available in August 2022!": "Die Portfolioseite der TiFi Bank wird im August 2022 verfügbar sein!",
  "TiFi Bank Staking will be available in August 2022!": "TiFi Bank Staking wird im August 2022 verfügbar sein!",
  "Your Liquidity": "Ihre Liquidität",
  "Connect to a wallet to view your liquidity.": "Verbinden Sie sich mit einem Wallet, um Ihre Liquidität anzuzeigen.",
  "Add Liquidity": "Liquidität hinzufügen",
  "Enter Amount": "Menge eingeben",
  "Approved! Now you can remove liquidity.": "Genehmigt! Jetzt können Sie Liquidität entfernen.",
  "Liquidity Removal Success!": "Liquiditätsentfernung erfolgreich!",
  "Remove": "Entfernen",
  "liquidity": "Liquidität",
  "To receive": "Empfangen",
  "and": "und",
  "Amount (LP Tokens to Remove / Total)": "Betrag (zu entfernende LP-Token / Gesamt)",
  "Max": "Max",
  "You will Receive": "Du wirst erhalten",
  "Pooled": "gepoolt",
  "Enable": "Ermöglichen",
  "Liquidity Pool Token Balance": "Liquiditätspool-Token-Guthaben",
  "Share of pool": "Poolanteil",
  "Add liquidity instead": "Stattdessen Liquidität hinzufügen",
  "No liquidity found": "Keine Liquidität gefunden",
  "Approved! Now you can add liquidity.": "Genehmigt! Jetzt können Sie Liquidität hinzufügen.",
  "Liquidity Provision Success!": "Liquiditätsvorsorge Erfolg!",
  "Tip: By adding liquidity you'll earn 0.18% of all trades on this pair proportional to your share of the pool. Fees are added to the pool, accrue in real time and can be claimed by withdrawing your liquidity.": "Tipp: Durch Hinzufügen von Liquidität verdienen Sie 0,18 % aller Trades mit diesem Paar proportional zu Ihrem Anteil am Pool. Gebühren werden dem Pool hinzugefügt, fallen in Echtzeit an und können durch Abheben Ihrer Liquidität geltend gemacht werden.",
  "Input": "Eingang",
  "Select a token": "Wählen Sie einen Token aus",
  "Price and pool share": "Preis und Poolanteil",
  "Insufficent balance": "Ungenügende Balance",
  "Supply": "Versorgung",
  "Connect to a wallet to add liquidity.": "Mit einem wallet verbinden, um Liquidität hinzuzufügen.",
  "Insufficient balance to perform this transaction.": "Nicht genügend Guthaben, um diese Transaktion durchzuführen."
}